Wallet Name,Type,Supported Cryptocurrencies,Mobile App Availability,Browser Extension,Mobile App Users,Browser Extension Users,Downloads on Apple Store,Downloads on Play Store,Link
Guarda Wallet,"Multi-platform (Mobile, Web, Desktop)","400,000+ assets across 50 blockchains","Yes (iOS, Android)",No,N/A,N/A,3 ratings,500K+,https://guarda.com/
Bitget Wallet,Mobile and Web3 browser extension,"Major coins (BTC, ETH, BNB)","Yes (iOS, Android)",Yes,N/A,N/A,637 ratings,10M+,https://web3.bitget.com/
Atomic Wallet,"Multi-platform (Mobile, Desktop)","500+ assets (BTC, ETH, LTC)","Yes (iOS, Android)",No,N/A,N/A,29 ratings,10K+,https://atomicwallet.io/
Phantom Wallet,"Solana-focused (Mobile, Browser Ext.)","Solana, SPL tokens","Yes (iOS, Android)",Yes,N/A,1M+,39 ratings,10M+,https://phantom.app/
Rabby Wallet,Web3 browser extension,"Ethereum, EVM-compatible chains",No,Yes,N/A,100K+,N/A,N/A,https://rabby.io/
Metamask Wallet,"Web3 browser extension, Mobile","Ethereum, ERC-20, EVM-compatible chains","Yes (iOS, Android)",Yes,10M+,10M+,934 ratings,10M+,https://metamask.io/
Trust Wallet,Mobile-only (Web3),"160+ assets (ETH, BNB, BTC)","Yes (iOS, Android)",No,N/A,N/A,4K ratings,50M+,https://trustwallet.com/
Coinbase Wallet,"Mobile, Browser Extension","Bitcoin, Ethereum, major assets","Yes (iOS, Android)",Yes,1M+,400K+,116 ratings,10M+,https://www.coinbase.com/wallet
Argent Wallet,Mobile,"Ethereum, zkSync (Layer-2)","Yes (iOS, Android)",No,N/A,N/A,7 ratings,100K+,https://www.argent.xyz/
Zerion Wallet,"Mobile, Browser Extension","Ethereum, Layer-2, EVM-compatible blockchains","Yes (iOS, Android)",Yes,N/A,100K+,23 ratings,100K+,https://zerion.io/
Exodus Wallet,"Multi-platform (Mobile, Desktop, Web3)","260+ assets (BTC, ETH, LTC, ERC-20)","Yes (iOS, Android)",Yes,N/A,100K+,40 ratings,1M+,https://www.exodus.com/
ZenGo Wallet,Mobile,"Bitcoin, Ethereum","Yes (iOS, Android)",No,N/A,N/A,9 ratings,500K+,https://zengo.com/
Glow Wallet,"Mobile, Browser Extension","Solana, SPL tokens",Yes (iOS),Yes,N/A,10K+,1 rating,50K+,https://glow.app/
Rainbow Wallet,Mobile,"Ethereum, ERC-20 tokens","Yes (iOS, Android)",No,N/A,N/A,13 ratings,500K+,https://rainbow.me/
Frame Wallet,"Browser extension, Desktop",N/A,No,Yes,N/A,N/A,N/A,N/A,https://frame.sh/
ImToken Wallet,Mobile,"Bitcoin, Ethereum, others","Yes (iOS, Android)",No,N/A,N/A,31 ratings,1M+,https://token.im/
Ledger Nano X,Hardware wallet,"1,800+ coins (BTC, ETH, XRP, LTC, ERC-20)",Yes (via Ledger Live),No,N/A,N/A,N/A,N/A,https://shop.ledger.com/products/ledger-nano-x
XDEFI Wallet,Browser extension,"Bitcoin, Ethereum, BNB, others",No,Yes,N/A,100K+,N/A,N/A,https://www.xdefi.io/
Trezor Model T,Hardware wallet,"1,800+ coins (BTC, ETH, LTC, ERC-20)",No,No,N/A,N/A,N/A,N/A,https://trezor.io/
Ledger Nano S,Hardware wallet,"1,800+ assets (BTC, ETH, XRP, LTC, ERC-20)",No,No,N/A,N/A,N/A,N/A,https://shop.ledger.com/products/ledger-nano-s-plus
OKX Wallet,"Multi-platform (Mobile, Web, Extension)","Ethereum, Bitcoin, BNB, Polygon, major networks","Yes (iOS, Android)",Yes,N/A,300K+,2.3K ratings,10M+,https://www.okx.com/web3
